timestamp	model	prompt	content	tag	tokens_in	tokens_out	gen_tok_per_sec	tok_per_sec	ttft_ms	gen_time_ms	latency_ms	score	notes
3/28/2026 5:24:03 AM	nemotron-3-nano	cross-reference	alma-32	pass1	6942	2048		90.3			22680		
3/28/2026 5:24:28 AM	nemotron-3-nano	cross-reference	kearon-receive-his-gift	pass1	4236	2048		88.8			23063		
3/28/2026 5:24:53 AM	nemotron-3-nano	deep-study	alma-32	pass1	6983	2048		88.8			23054		
3/28/2026 5:25:18 AM	nemotron-3-nano	deep-study	kearon-receive-his-gift	pass1	4277	2048		90.1			22733		
3/28/2026 5:25:30 AM	nemotron-3-nano	needle	alma-32	pass1	6895	681		70.4			9679		
3/28/2026 5:25:39 AM	nemotron-3-nano	needle	kearon-receive-his-gift	pass1	4189	469		63			7440		
3/28/2026 5:25:55 AM	nemotron-3-nano	summarize	alma-32	pass1	6873	1136		81.2			13983		
3/28/2026 5:26:20 AM	nemotron-3-nano	summarize	kearon-receive-his-gift	pass1	4167	2048		88.3			23186		
3/28/2026 5:26:46 AM	nemotron-3-nano	teaching	alma-32	pass1	6975	2048		88.3			23202		
3/28/2026 5:27:11 AM	nemotron-3-nano	teaching	kearon-receive-his-gift	pass1	4269	2048		89.1			22988		
3/28/2026 5:27:36 AM	nemotron-3-nano	titsw	alma-32	pass1	7615	2048		88.6			23119		
3/28/2026 5:28:01 AM	nemotron-3-nano	titsw	kearon-receive-his-gift	pass1	4909	2048		88.4			23175		
3/28/2026 5:29:46 AM	qwen3.5-35b	cross-reference	alma-32	pass1	6913	2048		51			40184		
3/28/2026 5:30:27 AM	qwen3.5-35b	cross-reference	kearon-receive-his-gift	pass1	4126	2048		52.2			39213		
3/28/2026 5:31:12 AM	qwen3.5-35b	deep-study	alma-32	pass1	6969	2048		48.3			42396		
3/28/2026 5:31:55 AM	qwen3.5-35b	deep-study	kearon-receive-his-gift	pass1	4182	2048		49.3			41516		
3/28/2026 5:32:28 AM	qwen3.5-35b	needle	alma-32	pass1	6881	1504		48.6			30945		
3/28/2026 5:33:12 AM	qwen3.5-35b	needle	kearon-receive-his-gift	pass1	4094	2048		49.4			41478		
3/28/2026 5:33:57 AM	qwen3.5-35b	summarize	alma-32	pass1	6863	2048		47.3			43328		
3/28/2026 5:34:41 AM	qwen3.5-35b	summarize	kearon-receive-his-gift	pass1	4076	2048		49.3			41543		
3/28/2026 5:35:25 AM	qwen3.5-35b	teaching	alma-32	pass1	6958	2048		48.9			41839		
3/28/2026 5:36:08 AM	qwen3.5-35b	teaching	kearon-receive-his-gift	pass1	4171	2048		49.6			41257		
3/28/2026 5:36:52 AM	qwen3.5-35b	titsw	alma-32	pass1	7497	2048		48.8			41925		
3/28/2026 5:37:36 AM	qwen3.5-35b	titsw	kearon-receive-his-gift	pass1	4710	2048		48.6			42147		
3/28/2026 5:41:19 AM	qwen3.5-35b	cross-reference	alma-32	pass1-nothink	6917	4096		50.3			81433		
3/28/2026 5:42:41 AM	qwen3.5-35b	cross-reference	kearon-receive-his-gift	pass1-nothink	4130	4096		51.1			80208		
3/28/2026 5:44:04 AM	qwen3.5-35b	deep-study	alma-32	pass1-nothink	6973	3991		49.1			81342		
3/28/2026 5:45:23 AM	qwen3.5-35b	deep-study	kearon-receive-his-gift	pass1-nothink	4186	3767		49.2			76547		
3/28/2026 5:46:41 AM	qwen3.5-35b	needle	alma-32	pass1-nothink	6885	3670		48.5			75710		
3/28/2026 5:47:06 AM	qwen3.5-35b	needle	kearon-receive-his-gift	pass1-nothink	4098	1035		44.7			23161		
3/28/2026 5:48:32 AM	qwen3.5-35b	summarize	alma-32	pass1-nothink	6867	4096		48.6			84319		
3/28/2026 5:49:44 AM	qwen3.5-35b	summarize	kearon-receive-his-gift	pass1-nothink	4080	3440		49.1			70030		
3/28/2026 5:51:10 AM	qwen3.5-35b	teaching	alma-32	pass1-nothink	6962	4096		48.8			84008		
3/28/2026 5:52:32 AM	qwen3.5-35b	teaching	kearon-receive-his-gift	pass1-nothink	4175	3870		48.7			79415		
3/28/2026 5:53:42 AM	qwen3.5-35b	titsw	alma-32	pass1-nothink	7501	3377		49.6			68112		
3/28/2026 5:54:33 AM	qwen3.5-35b	titsw	kearon-receive-his-gift	pass1-nothink	4714	2418		49.8			48586		
3/28/2026 5:55:52 AM	lfm2-24b	cross-reference	alma-32	pass1	6821	1081		82.5			13108		
3/28/2026 5:56:06 AM	lfm2-24b	cross-reference	kearon-receive-his-gift	pass1	4163	946		81.5			11613		
3/28/2026 5:56:31 AM	lfm2-24b	deep-study	alma-32	pass1	6862	2048		88.8			23071		
3/28/2026 5:56:50 AM	lfm2-24b	deep-study	kearon-receive-his-gift	pass1	4204	1504		86.5			17381		
3/28/2026 5:56:57 AM	lfm2-24b	needle	alma-32	pass1	6775	146		33.5			4353		
3/28/2026 5:57:03 AM	lfm2-24b	needle	kearon-receive-his-gift	pass1	4117	203		44.7			4545		
3/28/2026 5:57:16 AM	lfm2-24b	summarize	alma-32	pass1	6756	788		75.9			10379		
3/28/2026 5:57:28 AM	lfm2-24b	summarize	kearon-receive-his-gift	pass1	4098	829		77.8			10654		
3/28/2026 5:57:54 AM	lfm2-24b	teaching	alma-32	pass1	6857	2048		85.2			24031		
3/28/2026 5:58:10 AM	lfm2-24b	teaching	kearon-receive-his-gift	pass1	4199	1130		80.8			13988		
3/28/2026 5:58:23 AM	lfm2-24b	titsw	alma-32	pass1	7437	809		74.1			10911		
3/28/2026 5:58:35 AM	lfm2-24b	titsw	kearon-receive-his-gift	pass1	4779	702		75.4			9314		
3/28/2026 5:59:48 AM	glm-4.7-flash	cross-reference	alma-32	pass1	6502	2048		51.8			39544		
3/28/2026 6:00:30 AM	glm-4.7-flash	cross-reference	kearon-receive-his-gift	pass1	3989	2048		51			40171		
3/28/2026 6:01:11 AM	glm-4.7-flash	deep-study	alma-32	pass1	6554	2048		51.9			39435		
3/28/2026 6:01:51 AM	glm-4.7-flash	deep-study	kearon-receive-his-gift	pass1	4041	2048		53.6			38194		
3/28/2026 6:02:17 AM	glm-4.7-flash	needle	alma-32	pass1	6472	1116		47.7			23417		
3/28/2026 6:02:35 AM	glm-4.7-flash	needle	kearon-receive-his-gift	pass1	3958	716		43.8			16357		
3/28/2026 6:03:19 AM	glm-4.7-flash	summarize	alma-32	pass1	6455	2048		49.6			41326		
3/28/2026 6:04:01 AM	glm-4.7-flash	summarize	kearon-receive-his-gift	pass1	3942	2048		50.7			40405		
3/28/2026 6:04:45 AM	glm-4.7-flash	teaching	alma-32	pass1	6543	2048		49.3			41518		
3/28/2026 6:05:27 AM	glm-4.7-flash	teaching	kearon-receive-his-gift	pass1	4030	2048		50.9			40252		
3/28/2026 6:06:10 AM	glm-4.7-flash	titsw	alma-32	pass1	7047	2048		49.5			41376		
3/28/2026 6:06:53 AM	glm-4.7-flash	titsw	kearon-receive-his-gift	pass1	4534	2048		51			40150		
3/28/2026 6:09:01 AM	glm-4.7-flash	cross-reference	alma-32	pass1-nothink	6506	4096		52			78736		
3/28/2026 6:10:21 AM	glm-4.7-flash	cross-reference	kearon-receive-his-gift	pass1-nothink	3993	4096		52.8			77616		
3/28/2026 6:11:25 AM	glm-4.7-flash	deep-study	alma-32	pass1-nothink	6558	3125		50.3			62084		
3/28/2026 6:12:45 AM	glm-4.7-flash	deep-study	kearon-receive-his-gift	pass1-nothink	4045	4096		52.2			78445		
3/28/2026 6:13:18 AM	glm-4.7-flash	needle	alma-32	pass1-nothink	6476	1407		46.1			30535		
3/28/2026 6:13:38 AM	glm-4.7-flash	needle	kearon-receive-his-gift	pass1-nothink	3962	753		42.5			17727		
3/28/2026 6:14:57 AM	glm-4.7-flash	summarize	alma-32	pass1-nothink	6459	3858		50.2			76833		
3/28/2026 6:15:52 AM	glm-4.7-flash	summarize	kearon-receive-his-gift	pass1-nothink	3946	2641		49.6			53272		
3/28/2026 6:16:56 AM	glm-4.7-flash	teaching	alma-32	pass1-nothink	6547	3060		49.5			61797		
3/28/2026 6:17:45 AM	glm-4.7-flash	teaching	kearon-receive-his-gift	pass1-nothink	4034	2330		49.7			46854		
3/28/2026 6:18:48 AM	glm-4.7-flash	titsw	alma-32	pass1-nothink	7051	3086		50.1			61589		
3/28/2026 6:19:54 AM	glm-4.7-flash	titsw	kearon-receive-his-gift	pass1-nothink	4538	3316		52.3			63419		
3/28/2026 6:21:05 AM	devstral-small-2	cross-reference	alma-32	pass1	6931	1032		42			24597		
3/28/2026 6:21:43 AM	devstral-small-2	cross-reference	kearon-receive-his-gift	pass1	4225	1622		45.9			35364		
3/28/2026 6:22:24 AM	devstral-small-2	deep-study	alma-32	pass1	6972	1703		42.8			39814		
3/28/2026 6:22:58 AM	devstral-small-2	deep-study	kearon-receive-his-gift	pass1	4266	1359		43.1			31544		
3/28/2026 6:23:06 AM	devstral-small-2	needle	alma-32	pass1	6884	111		18			6173		
3/28/2026 6:23:14 AM	devstral-small-2	needle	kearon-receive-his-gift	pass1	4178	104		18.6			5583		
3/28/2026 6:23:37 AM	devstral-small-2	summarize	alma-32	pass1	6862	743		35.7			20800		
3/28/2026 6:23:56 AM	devstral-small-2	summarize	kearon-receive-his-gift	pass1	4156	632		35.8			17636		
3/28/2026 6:24:26 AM	devstral-small-2	teaching	alma-32	pass1	6964	1047		37.6			27861		
3/28/2026 6:25:04 AM	devstral-small-2	teaching	kearon-receive-his-gift	pass1	4258	1435		40			35867		
3/28/2026 6:25:24 AM	devstral-small-2	titsw	alma-32	pass1	7604	599		33.7			17795		
3/28/2026 6:25:51 AM	devstral-small-2	titsw	kearon-receive-his-gift	pass1	4898	970		38.2			25413		
3/28/2026 9:31:15 AM	nemotron-3-nano	summarize	kearon-receive-his-gift	speed-test-1m	4167	1656		132			12542		
3/28/2026 9:31:30 AM	nemotron-3-nano	needle	kearon-receive-his-gift	speed-test-1m	4189	225		52.7			4272		
3/28/2026 9:31:57 AM	nemotron-3-nano	deep-study	alma-32	speed-test-1m	6983	2643		140.9			18764		
3/28/2026 9:33:51 AM	nemotron-3-nano	needle	kearon-receive-his-gift	speed-test-stream	4189	155	402.6	34.5	4114	385	4499		
3/28/2026 9:34:20 AM	nemotron-3-nano	deep-study	alma-32	speed-test-stream	6983	2668	177.5	139.8	4046	15035	19081		
3/28/2026 9:35:25 AM	nemotron-3-nano	cross-reference	alma-32	pass2	6942	3964	203.3	150.1	6910	19497	26407		
3/28/2026 9:35:49 AM	nemotron-3-nano	cross-reference	kearon-receive-his-gift	pass2	4236	3426	372.6	151.5	13420	9194	22614		
3/28/2026 9:36:10 AM	nemotron-3-nano	deep-study	alma-32	pass2	6983	2710	169.4	145	2693	15999	18692		
3/28/2026 9:36:31 AM	nemotron-3-nano	deep-study	kearon-receive-his-gift	pass2	4277	2767	181.2	147.6	3474	15270	18744		
3/28/2026 9:36:41 AM	nemotron-3-nano	needle	alma-32	pass2	6895	782	1369.5	102.9	7030	571	7601		
3/28/2026 9:36:49 AM	nemotron-3-nano	needle	kearon-receive-his-gift	pass2	4189	547	810.4	87.6	5568	675	6243		
3/28/2026 9:37:18 AM	nemotron-3-nano	summarize	alma-32	pass2	6873	4096	21557.9	151.7	26808	190	26998		
3/28/2026 9:37:36 AM	nemotron-3-nano	summarize	kearon-receive-his-gift	pass2	4167	2166	426	133.3	11163	5085	16248		
3/28/2026 9:38:01 AM	nemotron-3-nano	teaching	alma-32	pass2	6975	3356	176.9	148.6	3616	18966	22582		
3/28/2026 9:38:22 AM	nemotron-3-nano	teaching	kearon-receive-his-gift	pass2	4269	2721	178.2	146.6	3292	15269	18561		
3/28/2026 9:38:46 AM	nemotron-3-nano	titsw	alma-32	pass2	7615	3390	1576.7	149.2	20566	2150	22716		
3/28/2026 9:39:03 AM	nemotron-3-nano	titsw	kearon-receive-his-gift	pass2	4909	2038	703	137.2	11956	2899	14855		
2026-03-28 09:53:13	glm-4.7-flash	cross-reference	alma-32	pass2	6506	4096	242.9	55.4	57083	16862	73945		
2026-03-28 09:54:23	glm-4.7-flash	cross-reference	kearon-receive-his-gift	pass2	3993	4096	188.1	60.6	45811	21770	67581		
2026-03-28 09:55:36	glm-4.7-flash	deep-study	alma-32	pass2	6558	4049	132.2	57	40410	30635	71045		
2026-03-28 09:56:26	glm-4.7-flash	deep-study	kearon-receive-his-gift	pass2	4045	2734	128.5	57.4	26324	21271	47595		
2026-03-28 09:56:51	glm-4.7-flash	needle	alma-32	pass2	6476	1113	978.9	48.7	21738	1137	22875		
2026-03-28 09:57:06	glm-4.7-flash	needle	kearon-receive-his-gift	pass2	3962	611	431.5	44.8	12236	1416	13652		
2026-03-28 09:58:25	glm-4.7-flash	summarize	alma-32	pass2	6459	4096	0	53.3	76848	0	76848		
2026-03-28 09:59:19	glm-4.7-flash	summarize	kearon-receive-his-gift	pass2	3946	2640	143.4	51.2	33182	18412	51594		
2026-03-28 10:00:15	glm-4.7-flash	teaching	alma-32	pass2	6547	2660	127.4	49.5	32882	20877	53759		
2026-03-28 10:01:14	glm-4.7-flash	teaching	kearon-receive-his-gift	pass2	4034	3108	160.6	53.9	38299	19356	57655		
2026-03-28 10:02:20	glm-4.7-flash	titsw	alma-32	pass2	7051	3422	316.6	53.5	53178	10807	63985		
2026-03-28 10:03:33	glm-4.7-flash	titsw	kearon-receive-his-gift	pass2	4538	3275	277.8	46.4	58796	11790	70586		
2026-03-28 10:03:52	glm-4.7-flash	titsw	kearon-receive-his-gift	pass2	4538	3189	262.8	46	57126	12137	69263		
2026-03-28 10:17:12	nemotron-3-nano	titsw	alma-32	titsw-v1	7615	3004	648.8	100.6	25241	4630	29871		
2026-03-28 10:17:51	nemotron-3-nano	titsw-v2	alma-32	titsw-v2	7921	3200	546	99.4	26332	5861	32193		
2026-03-28 10:18:42	nemotron-3-nano	titsw-v2	kearon-receive-his-gift	titsw-v2	5215	4096	0	103.5	39583	0	39583		
2026-03-28 10:19:32	nemotron-3-nano	titsw-v2	kearon-receive-his-gift	titsw-v2-retry	5215	3123	550.4	102.1	24926	5674	30600		
2026-03-28 10:20:03	nemotron-3-nano	titsw	kearon-receive-his-gift	titsw-v1	4909	1583	340.9	92.1	12535	4644	17179		
2026-03-28 15:19:01	nemotron-3-nano	titsw-v3	alma-32	v3-ctx-validation	13090	4096	531.7	83.7	41208	7704	48912		
2026-03-28 15:19:57	nemotron-3-nano	titsw-v3	kearon-receive-his-gift	v3-ctx-validation	10384	3625	368.6	80.2	35389	9834	45223		
2026-03-28 15:20:45	nemotron-3-nano	titsw-v3	kearon-receive-his-gift	v3-noctx-validation	5598	3189	381.8	84.2	29543	8353	37896		
2026-03-28 15:30:16	nemotron-3-nano	titsw-v3	kearon-receive-his-gift	v3-calibrated	10759	4096	7025.7	88.1	45931	583	46514		
2026-03-28 15:31:15	nemotron-3-nano	titsw-v3	kearon-receive-his-gift	v3-calibrated-8k	10759	3521	356.2	85.4	31360	9884	41244		
2026-03-28 15:32:59	nemotron-3-nano	titsw-v3	alma-32	v3-calibrated-8k	13465	8192	0	89.3	91723	0	91723		
2026-03-28 15:34:24	nemotron-3-nano	titsw-v3	alma-32	v3-calibrated-16k	13465	3479	335.4	87.3	29481	10374	39855		
2026-03-28 15:35:12	nemotron-3-nano	titsw-v3	kearon-receive-his-gift	v3-calibrated-noctx	5973	2593	278.9	86.3	20746	9297	30043		
2026-03-28 15:48:13	nemotron-3-nano	titsw-v3	3-nephi-17	v3-cal-expanded	10458	2905	343.6	84.1	26094	8454	34548		
2026-03-28 15:51:23	nemotron-3-nano	titsw-v3	dc-121	v3-cal-expanded	17613	16384	0	93.6	175084	0	175084		
2026-03-28 15:53:30	nemotron-3-nano	titsw-v3	dc-121	v3-cal-expanded	17613	5738	616.1	96.8	49952	9313	59265		
2026-03-28 15:54:40	nemotron-3-nano	titsw-v3	holland-and-now-i-see	v3-cal-expanded	9446	4200	579.7	89.6	39622	7245	46867		
2026-03-28 15:55:43	nemotron-3-nano	titsw-v3	bednar-their-own-judges	v3-cal-expanded	13237	4619	524.9	91.6	41602	8799	50401		
2026-03-28 17:10:44	nemotron-3-nano	titsw-v4	bednar-their-own-judges	v4-test	14194	3253	330.6	89.6	26471	9841	36312		
2026-03-28 17:11:52	nemotron-3-nano	titsw-v4	dc-121	v4-test	18570	4221	455.7	89.5	37923	9263	47186		
2026-03-28 17:12:49	nemotron-3-nano	titsw-v4	alma-32	v4-test	14422	2386	243.2	78.6	20566	9809	30375		
2026-03-28 17:13:41	nemotron-3-nano	titsw-v4	kearon-receive-his-gift	v4-test	11716	3887	406.9	86.4	35414	9553	44967		
2026-03-28 17:14:44	nemotron-3-nano	titsw-v4	3-nephi-17	v4-test	11415	4583	325.6	81.3	42297	14077	56374		
2026-03-28 17:15:39	nemotron-3-nano	titsw-v4	holland-and-now-i-see	v4-test	10403	4245	425.1	88.6	37939	9987	47926		
2026-03-28 17:18:25	nemotron-3-nano	titsw-v4	3-nephi-17	v4.1-test	11585	3998	528.3	89.4	37149	7567	44716		
2026-03-28 17:19:39	nemotron-3-nano	titsw-v4	dc-121	v4.1-test	18740	4120	473.2	89	37568	8706	46274		
2026-03-28 17:20:51	nemotron-3-nano	titsw-v4	holland-and-now-i-see	v4.1-test	10573	5324	664.8	92.8	49356	8009	57365		
2026-03-28 17:23:07	nemotron-3-nano	titsw-v4	holland-and-now-i-see	v4.2-test	10416	5041	636.4	91.3	47287	7921	55208		
2026-03-28 17:24:07	nemotron-3-nano	titsw-v4	3-nephi-17	v4.2-test	11428	3339	451.9	89.4	29968	7388	37356		
2026-03-28 17:24:56	nemotron-3-nano	titsw-v4	dc-121	v4.2-test	18583	2778	341.9	85.3	24449	8125	32574		
2026-03-28 17:25:42	nemotron-3-nano	titsw-v4	alma-32	v4.2-test	14435	2441	302.5	84.9	20687	8070	28757		
2026-03-28 17:26:30	nemotron-3-nano	titsw-v4	kearon-receive-his-gift	v4.2-test	11729	3425	400	89.2	29838	8563	38401		
2026-03-28 17:27:21	nemotron-3-nano	titsw-v4	bednar-their-own-judges	v4.2-test	14207	3894	583.6	88.2	37472	6672	44144		
2026-03-28 17:55:37	nemotron-3-nano	titsw-v5	alma-32	v5	14772	3869	339.1	89.7	31708	11411	43119		
2026-03-28 17:57:10	nemotron-3-nano	titsw-v5	kearon-receive-his-gift	v5	12066	6961	681.9	97.6	61085	10208	71293		
2026-03-28 17:58:23	nemotron-3-nano	titsw-v5	3-nephi-17	v5	11765	5891	442.5	98.6	46448	13312	59760		
2026-03-28 17:59:26	nemotron-3-nano	titsw-v5	dc-121	v5	18920	4859	470.1	95.9	40314	10335	50649		
2026-03-28 18:00:43	nemotron-3-nano	titsw-v5	holland-and-now-i-see	v5	10753	6455	612.7	100	54012	10535	64547		
2026-03-28 18:01:41	nemotron-3-nano	titsw-v5	bednar-their-own-judges	v5	14544	4045	522.6	96.3	34283	7740	42023		
2026-03-28 18:05:28	nemotron-3-nano	titsw-v5	alma-32	v5.1	15125	4808	509.2	90.9	43478	9442	52920		
2026-03-28 18:06:25	nemotron-3-nano	titsw-v5	kearon-receive-his-gift	v5.1	12419	4016	438.4	97.1	32192	9161	41353		
2026-03-28 18:07:28	nemotron-3-nano	titsw-v5	3-nephi-17	v5.1	12118	4899	516.4	98.4	40308	9486	49794		
2026-03-28 18:08:23	nemotron-3-nano	titsw-v5	dc-121	v5.1	19273	3349	416.7	93.4	27830	8037	35867		
2026-03-28 18:11:18	nemotron-3-nano	titsw-v5	holland-and-now-i-see	v5.1	11106	16384	0	102.7	159499	0	159499		
2026-03-28 18:12:58	nemotron-3-nano	titsw-v5	holland-and-now-i-see	v5.1-retry	11106	3998	437.2	96.8	32151	9145	41296		
2026-03-28 18:14:34	nemotron-3-nano	titsw-v5	bednar-their-own-judges	v5.1	14897	4369	460.8	96.5	35798	9481	45279		
2026-03-28 19:10:50	nemotron-3-nano	titsw-v6	3-nephi-17	v6	12345	3334	294.8	88.9	26184	11311	37495		
2026-03-28 19:11:24	nemotron-3-nano	titsw-v6	alma-32	v6	15352	3084	303.9	96.6	21774	10149	31923		
2026-03-28 19:12:45	nemotron-3-nano	titsw-v6	bednar-their-own-judges	v6	15124	7693	743.1	98	68111	10352	78463		
2026-03-28 19:13:20	nemotron-3-nano	titsw-v6	dc-121	v6	19500	3145	390.1	94.7	25130	8063	33193		
2026-03-28 19:14:12	nemotron-3-nano	titsw-v6	holland-and-now-i-see	v6	11333	4738	452.6	95.2	39276	10469	49745		
2026-03-28 19:14:59	nemotron-3-nano	titsw-v6	kearon-receive-his-gift	v6	12646	4372	396.2	97.7	33716	11034	44750		
2026-03-28 20:06:20	nemotron-3-nano	titsw-v5	holland-and-now-i-see	v5.1-retry	6320	5511	520.3	92.7	48838	10592	59430		
2026-03-28 20:09:47	nemotron-3-nano	titsw-v5.2	3-nephi-17	v5.2	7385	6301	524.4	91.5	56878	12016	68894		
2026-03-28 20:10:27	nemotron-3-nano	titsw-v5.2	alma-32	v5.2	10392	3441	456.2	91.7	29999	7543	37542		
2026-03-28 20:11:57	nemotron-3-nano	titsw-v5.2	bednar-their-own-judges	v5.2	10164	8516	841.3	96.4	78252	10122	88374		
2026-03-28 20:12:44	nemotron-3-nano	titsw-v5.2	dc-121	v5.2	14540	4122	479.6	92	36193	8595	44788		
2026-03-28 20:13:37	nemotron-3-nano	titsw-v5.2	holland-and-now-i-see	v5.2	6373	4911	515.9	95.8	41765	9520	51285		
2026-03-28 20:14:55	nemotron-3-nano	titsw-v5.2	kearon-receive-his-gift	v5.2	7686	7159	745.2	94.9	65800	9607	75407		
2026-03-28 20:16:37	nemotron-3-nano	titsw-v5.2	3-nephi-17	v5.2-nothink	7389	3845	351.9	88.9	32325	10926	43251		
2026-03-28 20:17:29	nemotron-3-nano	titsw-v5.2	alma-32	v5.2-nothink	10396	4672	510.9	93.1	41033	9145	50178		
2026-03-28 20:18:23	nemotron-3-nano	titsw-v5.2	bednar-their-own-judges	v5.2-nothink	10168	4796	511	92.5	42485	9385	51870		
2026-03-28 20:19:07	nemotron-3-nano	titsw-v5.2	dc-121	v5.2-nothink	14544	3763	424.3	89.9	32978	8869	41847		
2026-03-28 20:20:19	nemotron-3-nano	titsw-v5.2	holland-and-now-i-see	v5.2-nothink	6377	6596	738.6	94.6	60813	8931	69744		
2026-03-28 20:21:04	nemotron-3-nano	titsw-v5.2	kearon-receive-his-gift	v5.2-nothink	7690	4005	461	93.4	34182	8688	42870		
2026-03-28 20:31:33	nemotron-3-nano	titsw-v5	1-chronicles-1	v5.1-new	6619	4143	551.6	85.5	40926	7511	48437		
2026-03-28 20:32:18	nemotron-3-nano	titsw-v5	kearon-church-of-joy	v5.1-new	7611	4018	504.3	92.9	35269	7968	43237		
2026-03-28 20:33:14	nemotron-3-nano	titsw-v5	joseph-smith-ch3-redeemer	v5.1-new	10294	5030	456.7	94	42498	11015	53513		
2026-03-28 20:45:11	nemotron-3-nano	titsw-v5	oaks-trust-in-the-lord	v5.1-round2	7669	3982	597.5	92.2	36507	6664	43171		
2026-03-28 20:46:04	nemotron-3-nano	titsw-v5	maxwell-encircled-in-his-love	v5.1-round2	7908	4969	437.1	97.6	39545	11368	50913		
2026-03-28 20:46:57	nemotron-3-nano	titsw-v5	john-17	v5.1-round2	7935	4881	502.2	96.9	40673	9720	50393		
2026-03-28 20:47:40	nemotron-3-nano	titsw-v5	abraham-4	v5.1-round2	7175	4013	631.2	98.8	34271	6358	40629		
2026-03-28 21:07:05	nemotron-3-nano	titsw-v5.3	1-chronicles-1	v5.3	7699	3459	381.1	87.7	30343	9077	39420		
2026-03-28 21:08:27	nemotron-3-nano	titsw-v5.3	3-nephi-17	v5.3	8412	7539	473.4	94.5	63869	15924	79793		
2026-03-28 21:09:27	nemotron-3-nano	titsw-v5.3	abraham-4	v5.3	8255	5442	710.7	94.2	50104	7657	57761		
2026-03-28 21:10:13	nemotron-3-nano	titsw-v5.3	alma-32	v5.3	11419	4126	439.2	92.8	35047	9395	44442		
2026-03-28 21:11:17	nemotron-3-nano	titsw-v5.3	bednar-their-own-judges	v5.3	11191	5780	422.2	93.2	48315	13690	62005		
2026-03-28 21:12:32	nemotron-3-nano	titsw-v5.3	dc-121	v5.3	15567	6725	630.9	92.5	62059	10659	72718		
2026-03-28 21:13:34	nemotron-3-nano	titsw-v5.3	holland-and-now-i-see	v5.3	7400	5602	545.8	93.9	49420	10264	59684		
2026-03-28 21:15:02	nemotron-3-nano	titsw-v5.3	john-17	v5.3	9015	8088	560.1	94.2	71455	14441	85896		
2026-03-28 21:20:46	nemotron-3-nano	titsw-v5.3	joseph-smith-ch3-redeemer	v5.3	11374	32768	0	95.7	342577	0	342577		
2026-03-28 21:21:29	nemotron-3-nano	titsw-v5.3	kearon-church-of-joy	v5.3	8691	3971	371.8	96.9	30317	10681	40998		
2026-03-28 21:22:26	nemotron-3-nano	titsw-v5.3	kearon-receive-his-gift	v5.3	8713	5322	446	97.8	42487	11933	54420		
2026-03-28 21:23:16	nemotron-3-nano	titsw-v5.3	maxwell-encircled-in-his-love	v5.3	8988	4745	426.6	98	37290	11124	48414		
2026-03-28 21:24:09	nemotron-3-nano	titsw-v5.3	oaks-trust-in-the-lord	v5.3	8749	5027	383	98.8	37756	13124	50880		
2026-03-28 21:26:31	nemotron-3-nano	titsw-v5.3	joseph-smith-ch3-redeemer	v5.3	11374	6461	314.3	87.9	52982	20560	73542		
2026-03-28 21:43:54	nemotron-3-nano	titsw-v5.4	1-chronicles-1	v5.4	7419	3479	284.9	63.5	42583	12211	54794		
2026-03-28 21:45:34	nemotron-3-nano	titsw-v5.4	3-nephi-17	v5.4	8132	6728	304	68.6	75894	22132	98026		
2026-03-28 21:46:26	nemotron-3-nano	titsw-v5.4	abraham-4	v5.4	7975	3425	308.8	68.9	38631	11092	49723		
2026-03-28 21:47:42	nemotron-3-nano	titsw-v5.4	alma-32	v5.4	11139	5066	329.9	68.8	58277	15358	73635		
2026-03-28 21:49:43	nemotron-3-nano	titsw-v5.4	bednar-their-own-judges	v5.4	10911	8210	438.3	68.7	100692	18731	119423		
2026-03-28 21:51:29	nemotron-3-nano	titsw-v5.4	dc-121	v5.4	15287	7051	463.1	68.4	87826	15225	103051		
2026-03-28 21:52:55	nemotron-3-nano	titsw-v5.4	holland-and-now-i-see	v5.4	7120	5706	376.7	67.9	68948	15147	84095		
2026-03-28 21:54:03	nemotron-3-nano	titsw-v5.4	john-17	v5.4	8735	4443	280.3	67.1	50345	15850	66195		
2026-03-28 21:56:14	nemotron-3-nano	titsw-v5.4	joseph-smith-ch3-redeemer	v5.4	11094	9094	428.1	70.6	107594	21242	128836		
2026-03-28 21:58:08	nemotron-3-nano	titsw-v5.4	kearon-church-of-joy	v5.4	8411	7959	665	71	100078	11968	112046		
2026-03-28 21:59:27	nemotron-3-nano	titsw-v5.4	kearon-receive-his-gift	v5.4	8433	5476	327.5	71.1	60273	16723	76996		
2026-03-28 22:01:01	nemotron-3-nano	titsw-v5.4	maxwell-encircled-in-his-love	v5.4	8708	6492	353.6	70.6	73531	18360	91891		
2026-03-28 22:02:12	nemotron-3-nano	titsw-v5.4	oaks-trust-in-the-lord	v5.4	8469	4841	340.2	70.3	54591	14229	68820		
2026-03-28 22:15:12	nemotron-3-nano	titsw-v5.4	1-chronicles-1	v5.4-ctx	12205	3470	306.9	66.9	40550	11308	51858		
2026-03-28 22:16:00	nemotron-3-nano	titsw-v5.4	3-nephi-17	v5.4-ctx	12918	3446	248.3	75	32075	13880	45955		
2026-03-28 22:17:01	nemotron-3-nano	titsw-v5.4	abraham-4	v5.4-ctx	12761	4176	308.2	71.2	45106	13549	58655		
2026-03-28 22:17:43	nemotron-3-nano	titsw-v5.4	alma-32	v5.4-ctx	15925	2871	255.1	70.8	29313	11253	40566		
2026-03-28 22:18:46	nemotron-3-nano	titsw-v5.4	bednar-their-own-judges	v5.4-ctx	15697	4276	358.8	70.9	48391	11919	60310		
2026-03-28 22:19:37	nemotron-3-nano	titsw-v5.4	dc-121	v5.4-ctx	20073	3369	290.8	69.3	37017	11586	48603		
2026-03-28 22:21:18	nemotron-3-nano	titsw-v5.4	holland-and-now-i-see	v5.4-ctx	11906	6999	397.1	70.6	81443	17627	99070		
2026-03-28 22:22:25	nemotron-3-nano	titsw-v5.4	john-17	v5.4-ctx	13521	4574	190.7	70.6	40787	23980	64767		
2026-03-28 22:23:25	nemotron-3-nano	titsw-v5.4	joseph-smith-ch3-redeemer	v5.4-ctx	15880	4131	325.6	70.6	45796	12688	58484		
2026-03-28 22:24:26	nemotron-3-nano	titsw-v5.4	kearon-church-of-joy	v5.4-ctx	13197	4146	381.2	70.3	48110	10876	58986		
2026-03-28 22:25:14	nemotron-3-nano	titsw-v5.4	kearon-receive-his-gift	v5.4-ctx	13219	3274	187.3	70.7	28806	17481	46287		
2026-03-28 22:26:56	nemotron-3-nano	titsw-v5.4	maxwell-encircled-in-his-love	v5.4-ctx	13494	6993	459.6	70.5	83941	15217	99158		
2026-03-28 22:28:38	nemotron-3-nano	titsw-v5.4	oaks-trust-in-the-lord	v5.4-ctx	13255	7198	376.1	70.9	82390	19139	101529		
2026-03-28 23:17:18	nemotron-3-nano	titsw-v5	alma-32	v5.1-noctx	10339	3601	246.3	64.3	41407	14619	56026		
2026-03-28 23:18:12	nemotron-3-nano	titsw-v5	bednar-their-own-judges	v5.1-noctx	10111	3478	288.8	68.1	39039	12044	51083		
2026-03-28 23:26:21	nemotron-3-nano	titsw-v5	dc-121	v5.1-noctx	14487	32768	0	67.2	487400	0	487400		
2026-03-28 23:27:39	nemotron-3-nano	titsw-v5	holland-and-now-i-see	v5.1-noctx	6320	5174	370.4	68.2	61880	13968	75848		
2026-03-28 23:28:41	nemotron-3-nano	titsw-v5	kearon-receive-his-gift	v5.1-noctx	7633	4137	290.3	68.8	45878	14250	60128		
2026-03-28 23:29:48	nemotron-3-nano	titsw-v5	3-nephi-17	v5.1-noctx	7332	4480	268	68.8	48403	16717	65120		
2026-03-29 08:05:21	nemotron-3-nano	titsw-enriched-talk	kearon-receive-his-gift	T0	4494	500	0	62.8	7962	0	7962		
2026-03-29 08:06:41	nemotron-3-nano	titsw-enriched-talk	kearon-receive-his-gift	T0	4494	2048	0	89.6	22853	0	22853		
2026-03-29 08:07:21	nemotron-3-nano	titsw-enriched-talk	kearon-receive-his-gift	T0-nothink-off	4490	1397	583.3	81.6	14716	2395	17111		
2026-03-29 08:08:28	nemotron-3-nano	titsw-enriched-talk	kearon-receive-his-gift	T0	4494	1835	878	87.8	18819	2090	20909		
2026-03-29 08:09:02	nemotron-3-nano	titsw-enriched-talk	bednar-their-own-judges	T0	6972	2380	859.8	91.2	23327	2768	26095		
2026-03-29 08:09:27	nemotron-3-nano	titsw-enriched-talk	holland-and-now-i-see	T0	3181	1662	809.5	89	16631	2053	18684		
2026-03-29 08:10:02	nemotron-3-nano	titsw-enriched-talk	kearon-receive-his-gift	T1	6867	1849	809.2	88.8	18535	2285	20820		
2026-03-29 08:10:27	nemotron-3-nano	titsw-enriched-talk	bednar-their-own-judges	T1	9345	1626	647.8	86.1	16368	2510	18878		
2026-03-29 08:11:04	nemotron-3-nano	titsw-enriched-talk	holland-and-now-i-see	T1	5554	2710	1199.1	94.6	26401	2260	28661		
2026-03-29 08:11:42	nemotron-3-nano	titsw-enriched-talk	kearon-receive-his-gift	T2	6907	2387	1155.9	93.8	23372	2065	25437		
2026-03-29 08:12:10	nemotron-3-nano	titsw-enriched-talk	bednar-their-own-judges	T2	9385	1889	699.1	89.1	18503	2702	21205		
2026-03-29 08:12:43	nemotron-3-nano	titsw-enriched-talk	holland-and-now-i-see	T2	5594	2497	1068.5	95.1	23907	2337	26244		
2026-03-29 08:13:11	nemotron-3-nano	titsw-enriched-talk	kearon-receive-his-gift	T3	4809	1135	518.3	83.2	11451	2190	13641		
2026-03-29 08:13:42	nemotron-3-nano	titsw-enriched-talk	bednar-their-own-judges	T3	7287	1958	756	89.8	19217	2590	21807		
2026-03-29 08:14:10	nemotron-3-nano	titsw-enriched-talk	holland-and-now-i-see	T3	3496	1893	838	92.4	18239	2259	20498		
2026-03-29 08:14:43	nemotron-3-nano	titsw-enriched-talk	kearon-receive-his-gift	T4	4719	1795	904.3	92.8	17368	1985	19353		
2026-03-29 08:15:18	nemotron-3-nano	titsw-enriched-talk	bednar-their-own-judges	T4	7197	2452	936.2	95.1	23154	2619	25773		
2026-03-29 08:15:54	nemotron-3-nano	titsw-enriched-talk	holland-and-now-i-see	T4	3406	2701	1148.9	98.2	25152	2351	27503		
2026-03-29 08:16:48	nemotron-3-nano	titsw-enriched-talk	kearon-receive-his-gift	T5	5034	846	384.7	78.5	8575	2199	10774		
2026-03-29 08:17:16	nemotron-3-nano	titsw-enriched-talk	bednar-their-own-judges	T5	7512	1971	816.8	92.2	18956	2413	21369		
2026-03-29 08:17:50	nemotron-3-nano	titsw-enriched-talk	holland-and-now-i-see	T5	3721	1983	928.4	94.1	18928	2136	21064		
2026-03-29 08:40:28	nemotron-3-nano	titsw-enriched-talk	kearon-receive-his-gift	T4-thinkoff	4719	241	113.5	45.8	3136	2123	5259		
2026-03-29 08:40:43	nemotron-3-nano	titsw-enriched-talk	bednar-their-own-judges	T4-thinkoff	7197	277	114.7	47.8	3375	2415	5790		
2026-03-29 08:40:58	nemotron-3-nano	titsw-enriched-talk	holland-and-now-i-see	T4-thinkoff	3406	258	113.4	48.6	3033	2276	5309		
2026-03-29 09:01:24	nemotron-3-nano	titsw-enriched-talk	kearon-receive-his-gift	T4-thinkon-baseline	4719	2067	641.1	36.4	53573	3224	56797		
2026-03-29 09:04:34	nemotron-3-nano	titsw-enriched-talk	kearon-receive-his-gift	T4-api-thinkoff	4719	2429	172.7	16	138150	14065	152215		
2026-03-29 14:35:16	nemotron-3-nano	titsw-enriched-talk	kearon-receive-his-gift	T6	5685	1037	470.1	80.4	10699	2206	12905		
2026-03-29 14:35:50	nemotron-3-nano	titsw-enriched-talk	bednar-their-own-judges	T6	8163	1634	746.1	87.2	16546	2190	18736		
2026-03-29 14:36:16	nemotron-3-nano	titsw-enriched-talk	holland-and-now-i-see	T6	4372	1164	525.3	84.4	11583	2216	13799		
2026-03-29 14:43:46	nemotron-3-nano	titsw-enriched-talk-reasoning	kearon-receive-his-gift	T0-reason	4549	2619	547.8	93.7	23156	4781	27937		
2026-03-29 14:44:27	nemotron-3-nano	titsw-enriched-talk-reasoning	kearon-receive-his-gift	T7-reason	5044	3263	746.5	97.8	28982	4371	33353		
2026-03-29 14:45:10	nemotron-3-nano	titsw-enriched-talk-reasoning	kearon-receive-his-gift	T6-reason	5740	1658	349.5	85	14767	4744	19511		
2026-03-29 14:50:33	nemotron-3-nano	titsw-enriched-talk-reasoning	bednar-their-own-judges	T0-reason	7027	1677	328.1	88.3	13880	5111	18991		
2026-03-29 14:51:21	nemotron-3-nano	titsw-enriched-talk-reasoning	holland-and-now-i-see	T0-reason	3236	3498	804.7	98.4	31186	4347	35533		
2026-03-29 14:54:23	nemotron-3-nano	titsw-enriched-talk-reasoning	alma-32	T0-reason	7255	3179	737.9	97.6	28263	4308	32571		
2026-03-29 14:55:10	nemotron-3-nano	titsw-enriched-talk-reasoning	3-nephi-17	T0-reason	4248	2973	595.9	97.1	25628	4989	30617		
2026-03-29 14:55:46	nemotron-3-nano	titsw-enriched-talk-reasoning	dc-121	T0-reason	11403	1940	361.1	89	16417	5373	21790		
2026-03-29 15:54:45	gpt-oss-20b	titsw-enriched-talk-reasoning	kearon-receive-his-gift	gptoss-T0-reason	0	0	0	0	10983	0	10983		
2026-03-29 15:57:25	gpt-oss-20b	titsw-enriched-talk-reasoning	kearon-receive-his-gift	gptoss-T0-reason-diag	0	0	0	0	2137	0	2137		
2026-03-29 15:58:47	gpt-oss-20b	titsw-enriched-talk-reasoning	holland-and-now-i-see	gptoss-T0-diag	3072	538	141.9	78.6	3057	3791	6848		
2026-03-29 15:59:01	gpt-oss-20b	titsw-enriched-talk-reasoning	kearon-receive-his-gift	gptoss-T0-diag	0	0	0	0	2279	0	2279		
2026-03-29 15:59:58	gpt-oss-20b	titsw-enriched-talk-reasoning	3-nephi-17	gptoss-T0-reason	0	0	0	0	3334	9139	12473		
2026-03-29 16:00:44	gpt-oss-20b	titsw-enriched-talk-reasoning	holland-and-now-i-see	gptoss-T0-reason	3072	538	140.8	74	3446	3820	7266		
2026-03-29 16:09:26	gpt-oss-20b	titsw-enriched-talk-reasoning	kearon-receive-his-gift	gptoss-T0-reason	4275	498	140.5	70.8	3485	3544	7029		
2026-03-29 16:09:34	gpt-oss-20b	titsw-enriched-talk-reasoning	bednar-their-own-judges	gptoss-T0-reason	6533	589	135.6	109.4	1039	4344	5383		
2026-03-29 16:09:41	gpt-oss-20b	titsw-enriched-talk-reasoning	dc-121	gptoss-T0-reason	10539	517	135	91.4	1830	3829	5659		
2026-03-29 16:09:48	gpt-oss-20b	titsw-enriched-talk-reasoning	holland-and-now-i-see	gptoss-T0-reason	3072	453	133	106.2	859	3407	4266		
2026-03-29 16:09:56	gpt-oss-20b	titsw-enriched-talk-reasoning	alma-32	gptoss-T0-reason	6776	650	137.2	103.5	1539	4739	6278		
2026-03-29 16:10:04	gpt-oss-20b	titsw-enriched-talk-reasoning	3-nephi-17	gptoss-T0-reason	3975	670	147.5	112.4	1420	4542	5962		
2026-03-29 16:26:01	gemma-3-27b	titsw-enriched-talk-reasoning	kearon-receive-his-gift	gemma27b-T0-reason	0	0	0	0	10216	0	10216		
2026-03-29 16:26:03	gemma-3-27b	titsw-enriched-talk-reasoning	bednar-their-own-judges	gemma27b-T0-reason	0	0	0	0	88	0	88		
2026-03-29 16:26:05	gemma-3-27b	titsw-enriched-talk-reasoning	dc-121	gemma27b-T0-reason	0	0	0	0	108	0	108		
2026-03-29 16:26:21	gemma-3-27b	titsw-enriched-talk-reasoning	holland-and-now-i-see	gemma27b-T0-reason	3174	369	31.2	27.8	1422	11834	13256		
2026-03-29 16:26:23	gemma-3-27b	titsw-enriched-talk-reasoning	alma-32	gemma27b-T0-reason	0	0	0	0	482	0	482		
2026-03-29 16:26:25	gemma-3-27b	titsw-enriched-talk-reasoning	3-nephi-17	gemma27b-T0-reason	0	0	0	0	66	0	66		
2026-03-29 16:29:04	gemma-3-27b	titsw-enriched-talk-reasoning	kearon-receive-his-gift	gemma27b-T0-reason	0	0	0	0	73062	0	73062		
2026-03-29 16:29:14	gemma-3-27b	titsw-enriched-talk-reasoning	bednar-their-own-judges	gemma27b-T0-reason	0	0	0	0	7742	0	7742		
2026-03-29 16:29:16	gemma-3-27b	titsw-enriched-talk-reasoning	dc-121	gemma27b-T0-reason	0	0	0	0	124	0	124		
2026-03-29 16:29:30	gemma-3-27b	titsw-enriched-talk-reasoning	holland-and-now-i-see	gemma27b-T0-reason	3174	460	42.2	37.1	1495	10900	12395		
2026-03-29 16:29:33	gemma-3-27b	titsw-enriched-talk-reasoning	alma-32	gemma27b-T0-reason	0	0	0	0	729	0	729		
2026-03-29 16:29:35	gemma-3-27b	titsw-enriched-talk-reasoning	3-nephi-17	gemma27b-T0-reason	0	0	0	0	52	0	52		
2026-03-29 16:30:56	gemma-3-27b	titsw-enriched-talk-reasoning	kearon-receive-his-gift	gemma27b-T0-reason	0	0	0	0	8627	0	8627		
2026-03-29 16:31:07	gemma-3-27b	titsw-enriched-talk-reasoning	bednar-their-own-judges	gemma27b-T0-reason	0	0	0	0	8609	0	8609		
2026-03-29 16:31:09	gemma-3-27b	titsw-enriched-talk-reasoning	dc-121	gemma27b-T0-reason	0	0	0	0	125	0	125		
2026-03-29 16:31:24	gemma-3-27b	titsw-enriched-talk-reasoning	holland-and-now-i-see	gemma27b-T0-reason	3174	490	42	37.3	1494	11658	13152		
2026-03-29 16:31:27	gemma-3-27b	titsw-enriched-talk-reasoning	alma-32	gemma27b-T0-reason	0	0	0	0	620	0	620		
2026-03-29 16:31:29	gemma-3-27b	titsw-enriched-talk-reasoning	3-nephi-17	gemma27b-T0-reason	0	0	0	0	68	0	68		
2026-03-29 16:40:12	nemotron-3-nano	titsw-enriched-talk-reasoning	alma-32-with-refs	nemotron-T0-xref	0	0	0	0	12157	0	12157		
2026-03-29 16:40:48	nemotron-3-nano	titsw-enriched-talk-reasoning	alma-32	nemotron-T0-baseline-check	0	0	0	0	2094	0	2094		
2026-03-29 16:47:05	nemotron-3-nano	titsw-enriched-talk-reasoning	alma-32-with-refs	nemotron-T0-xref	4578	2049	470.7	86	19460	4353	23813		
2026-03-29 16:47:36	nemotron-3-nano	titsw-enriched-talk-reasoning	alma-32	nemotron-T0-baseline-v2	7255	1978	365.6	84.4	18025	5410	23435		
2026-03-29 16:48:04	gpt-oss-20b	titsw-enriched-talk-reasoning	alma-32-with-refs	gptoss-T0-xref	4114	678	145.9	80.1	3821	4647	8468		
2026-03-29 17:06:21	qwen3.5-27b-claude-4.6-opus-reasoning-distilled-v2	titsw-enriched-talk-reasoning	kearon-receive-his-gift	claude-27b-T0-test	4409	4345	39.8	32.4	25077	109104	134181		
2026-03-29 17:07:30	qwen3.5-27b-claude-4.6-opus-reasoning-distilled-v2	titsw-enriched-talk-reasoning	kearon-receive-his-gift	claude-27b-T0-think	4405	1369	65.7	30.3	24399	20843	45242		
2026-03-29 17:08:17	qwen3.5-27b-claude-4.6-opus-reasoning-distilled-v2	titsw-enriched-talk-reasoning	alma-32	claude-27b-T0	7192	965	44.9	28	12969	21482	34451		
2026-03-29 17:08:59	qwen3.5-27b-claude-4.6-opus-reasoning-distilled-v2	titsw-enriched-talk-reasoning	bednar-their-own-judges	claude-27b-T0	6893	1191	51.7	30.7	15792	23045	38837		
2026-03-29 17:11:49	qwen3.5-27b-claude-4.6-opus-reasoning-distilled-v2	titsw-enriched-talk-reasoning	dc-121	claude-27b-T0	11410	5167	320.6	30.8	151886	16119	168005		
2026-03-29 17:12:28	qwen3.5-27b-claude-4.6-opus-reasoning-distilled-v2	titsw-enriched-talk-reasoning	holland-and-now-i-see	claude-27b-T0	3111	1132	53.7	31.1	15345	21087	36432		
2026-03-29 17:13:06	qwen3.5-27b-claude-4.6-opus-reasoning-distilled-v2	titsw-enriched-talk-reasoning	kearon-receive-his-gift	claude-27b-T0	4405	1143	59.4	31.6	16887	19228	36115		
2026-03-29 17:13:50	qwen3.5-27b-claude-4.6-opus-reasoning-distilled-v2	titsw-enriched-talk-reasoning	3-nephi-17	claude-27b-T0	4185	1284	57.5	31.1	18962	22341	41303		
2026-03-29 17:17:08	qwen3.5-35b-a3b-claude-4.6-opus-reasoning-distilled-i1	titsw-enriched-talk-reasoning	alma-32	claude-35b-T0	7192	7091	655.3	50.9	128455	10821	139276		
2026-03-29 17:19:11	qwen3.5-35b-a3b-claude-4.6-opus-reasoning-distilled-i1	titsw-enriched-talk-reasoning	bednar-their-own-judges	claude-35b-T0	6893	6240	518.8	51.6	108900	12027	120927		
2026-03-29 17:20:49	qwen3.5-35b-a3b-claude-4.6-opus-reasoning-distilled-i1	titsw-enriched-talk-reasoning	dc-121	claude-35b-T0	11410	4745	405.6	49.5	84140	11700	95840		
2026-03-29 17:22:44	qwen3.5-35b-a3b-claude-4.6-opus-reasoning-distilled-i1	titsw-enriched-talk-reasoning	holland-and-now-i-see	claude-35b-T0	3111	5647	594.9	50.5	102296	9493	111789		
2026-03-29 17:24:19	qwen3.5-35b-a3b-claude-4.6-opus-reasoning-distilled-i1	titsw-enriched-talk-reasoning	kearon-receive-his-gift	claude-35b-T0	4405	4674	427.2	50.4	81881	10941	92822		
2026-03-29 17:25:17	qwen3.5-35b-a3b-claude-4.6-opus-reasoning-distilled-i1	titsw-enriched-talk-reasoning	3-nephi-17	claude-35b-T0	4185	2934	314.7	52	47094	9322	56416		
2026-03-29 18:18:29	gpt-oss-20b-claude-distill-v2-i1	titsw-enriched-talk-reasoning	alma-32	gptoss-claude-T0	6776	2013	288.9	72.2	20930	6968	27898		
2026-03-29 18:18:54	gpt-oss-20b-claude-distill-v2-i1	titsw-enriched-talk-reasoning	bednar-their-own-judges	gptoss-claude-T0	6533	1780	211.7	78.7	14217	8409	22626		
2026-03-29 18:19:19	gpt-oss-20b-claude-distill-v2-i1	titsw-enriched-talk-reasoning	dc-121	gptoss-claude-T0	10539	1559	200.9	69.3	14725	7762	22487		
2026-03-29 18:19:47	gpt-oss-20b-claude-distill-v2-i1	titsw-enriched-talk-reasoning	holland-and-now-i-see	gptoss-claude-T0	3072	1927	236.6	74.6	17681	8144	25825		
2026-03-29 18:20:21	gpt-oss-20b-claude-distill-v2-i1	titsw-enriched-talk-reasoning	kearon-receive-his-gift	gptoss-claude-T0	4275	2374	363.9	75.1	25080	6523	31603		
2026-03-29 18:20:57	gpt-oss-20b-claude-distill-v2-i1	titsw-enriched-talk-reasoning	3-nephi-17	gptoss-claude-T0	3975	2505	281.8	73.5	25188	8888	34076		
2026-03-29 18:22:00	ministral-3-14b-reasoning	titsw-enriched-talk-reasoning	alma-32	ministral-T0	7240	765	62.8	48.7	3536	12187	15723		
2026-03-29 18:22:17	ministral-3-14b-reasoning	titsw-enriched-talk-reasoning	bednar-their-own-judges	ministral-T0	7012	853	62.8	56.8	1442	13588	15030		
2026-03-29 18:22:44	ministral-3-14b-reasoning	titsw-enriched-talk-reasoning	dc-121	ministral-T0	11388	1146	51.7	47.5	1966	22150	24116		
2026-03-29 18:22:59	ministral-3-14b-reasoning	titsw-enriched-talk-reasoning	holland-and-now-i-see	ministral-T0	3221	675	59	52.7	1359	11439	12798		
2026-03-29 18:23:20	ministral-3-14b-reasoning	titsw-enriched-talk-reasoning	kearon-receive-his-gift	ministral-T0	4534	807	45.4	42.7	1123	17775	18898		
2026-03-29 18:23:36	ministral-3-14b-reasoning	titsw-enriched-talk-reasoning	3-nephi-17	ministral-T0	4233	696	58	53.1	1112	11998	13110		
2026-03-29 18:25:01	mistral-nemo-instruct-17b-claude-high-reasoning-extreme	titsw-enriched-talk-reasoning	alma-32	nemo-extreme-T0	7238	638	44	34.4	4032	14502	18534		
2026-03-29 18:25:13	mistral-nemo-instruct-17b-claude-high-reasoning-extreme	titsw-enriched-talk-reasoning	bednar-their-own-judges	nemo-extreme-T0	7010	376	45.8	35.9	2278	8208	10486		
2026-03-29 18:25:38	mistral-nemo-instruct-17b-claude-high-reasoning-extreme	titsw-enriched-talk-reasoning	dc-121	nemo-extreme-T0	11386	561	30.6	25.2	3917	18323	22240		
2026-03-29 18:26:00	mistral-nemo-instruct-17b-claude-high-reasoning-extreme	titsw-enriched-talk-reasoning	holland-and-now-i-see	nemo-extreme-T0	3219	551	31.4	27.6	2436	17542	19978		
2026-03-29 18:26:15	mistral-nemo-instruct-17b-claude-high-reasoning-extreme	titsw-enriched-talk-reasoning	kearon-receive-his-gift	nemo-extreme-T0	4532	348	32.5	27.9	1737	10722	12459		
2026-03-29 18:26:37	mistral-nemo-instruct-17b-claude-high-reasoning-extreme	titsw-enriched-talk-reasoning	3-nephi-17	nemo-extreme-T0	4231	572	31.6	29	1606	18118	19724		
2026-03-29 21:32:02	ministral-3-14b-reasoning	titsw-calibrated	alma-32	calibrated	7944	912	15.5	13.7	7463	58916	66379		
2026-03-29 21:32:56	ministral-3-14b-reasoning	titsw-calibrated	bednar-their-own-judges	calibrated	7716	967	19.8	18.6	3036	48928	51964		
2026-03-29 21:34:13	ministral-3-14b-reasoning	titsw-calibrated	dc-121	calibrated	12092	973	13.7	12.8	4904	70890	75794		
2026-03-29 21:34:48	ministral-3-14b-reasoning	titsw-calibrated	holland-and-now-i-see	calibrated	3925	873	28.5	27.1	1641	30601	32242		
2026-03-29 21:35:20	ministral-3-14b-reasoning	titsw-calibrated	kearon-receive-his-gift	calibrated	5238	1177	41.2	38.8	1745	28565	30310		
2026-03-29 21:35:43	ministral-3-14b-reasoning	titsw-calibrated	3-nephi-17	calibrated	4937	755	39.2	36.6	1373	19249	20622		
2026-03-29 21:38:50	ministral-3-14b-reasoning	titsw-anchored	alma-32	anchored	7563	847	27.4	23.3	5505	30882	36387		
2026-03-29 21:39:36	ministral-3-14b-reasoning	titsw-anchored	bednar-their-own-judges	anchored	7335	844	22	19.4	5030	38378	43408		
2026-03-29 21:40:21	ministral-3-14b-reasoning	titsw-anchored	dc-121	anchored	11711	977	25.9	22.8	5173	37743	42916		
2026-03-29 21:41:07	ministral-3-14b-reasoning	titsw-anchored	holland-and-now-i-see	anchored	3544	884	20.7	19.9	1858	42622	44480		
2026-03-29 21:42:08	ministral-3-14b-reasoning	titsw-anchored	kearon-receive-his-gift	anchored	4857	1109	19.6	18.8	2174	56724	58898		
2026-03-29 21:42:48	ministral-3-14b-reasoning	titsw-anchored	3-nephi-17	anchored	4556	673	20	18.1	3593	33661	37254		
2026-03-29 21:44:17	ministral-3-14b-reasoning	titsw-deflate	alma-32	deflate	7410	767	15.1	13.1	7639	50840	58479		
2026-03-29 21:45:06	ministral-3-14b-reasoning	titsw-deflate	bednar-their-own-judges	deflate	7182	829	19.5	17.6	4713	42407	47120		
2026-03-29 21:45:59	ministral-3-14b-reasoning	titsw-deflate	dc-121	deflate	11558	800	19.5	15.6	10237	40955	51192		
2026-03-29 21:46:23	ministral-3-14b-reasoning	titsw-deflate	holland-and-now-i-see	deflate	3391	627	32.4	29.3	2041	19371	21412		
2026-03-29 21:47:14	ministral-3-14b-reasoning	titsw-deflate	kearon-receive-his-gift	deflate	4704	887	18.7	17.9	2170	47384	49554		
2026-03-29 21:47:50	ministral-3-14b-reasoning	titsw-deflate	3-nephi-17	deflate	4403	673	21.5	19.8	2620	31350	33970		
2026-03-29 22:00:58	ministral-3-14b-reasoning	titsw-calibrated	alma-32-with-refs	context-inject	5267	1026	18.5	16.6	6545	55405	61950		
2026-03-29 22:02:05	ministral-3-14b-reasoning	titsw-calibrated	alma-32	cal-T01	7944	905	20	17.4	6841	45314	52155		
2026-03-29 22:02:40	ministral-3-14b-reasoning	titsw-calibrated	bednar-their-own-judges	cal-T01	7716	949	31.7	28.5	3364	29913	33277		
2026-03-29 22:03:20	ministral-3-14b-reasoning	titsw-calibrated	dc-121	cal-T01	12092	884	27.3	23.3	5602	32374	37976		
2026-03-29 22:03:55	ministral-3-14b-reasoning	titsw-calibrated	holland-and-now-i-see	cal-T01	3925	733	24.9	22.7	2747	29487	32234		
2026-03-29 22:04:32	ministral-3-14b-reasoning	titsw-calibrated	kearon-receive-his-gift	cal-T01	5238	1046	32.1	29.8	2519	32596	35115		
2026-03-29 22:05:12	ministral-3-14b-reasoning	titsw-calibrated	3-nephi-17	cal-T01	4937	784	20.9	20.5	900	37435	38335		
2026-03-29 22:06:47	ministral-3-14b-reasoning	titsw-calibrated	alma-32	cal-T03	7944	809	19.7	14.7	13939	41133	55072		
2026-03-29 22:07:25	ministral-3-14b-reasoning	titsw-calibrated	bednar-their-own-judges	cal-T03	7716	789	30.9	21.9	10466	25494	35960		
2026-03-29 22:08:12	ministral-3-14b-reasoning	titsw-calibrated	dc-121	cal-T03	12092	932	32.9	20.7	16654	28298	44952		
2026-03-29 22:08:46	ministral-3-14b-reasoning	titsw-calibrated	holland-and-now-i-see	cal-T03	3925	866	28.3	27.3	1111	30618	31729		
2026-03-29 22:09:40	ministral-3-14b-reasoning	titsw-calibrated	kearon-receive-his-gift	cal-T03	5238	950	21.5	18.4	7433	44126	51559		
2026-03-29 22:10:29	ministral-3-14b-reasoning	titsw-calibrated	3-nephi-17	cal-T03	4937	743	18.5	15.6	7316	40195	47511		
2026-03-29 22:11:38	ministral-3-14b-reasoning	titsw-calibrated	alma-32	cal-T04	7944	998	31.7	22.4	13064	31452	44516		
2026-03-29 22:12:16	ministral-3-14b-reasoning	titsw-calibrated	bednar-their-own-judges	cal-T04	7716	826	31	22.7	9637	26676	36313		
2026-03-29 22:12:59	ministral-3-14b-reasoning	titsw-calibrated	dc-121	cal-T04	12092	782	31.6	19.1	16153	24776	40929		
2026-03-29 22:13:36	ministral-3-14b-reasoning	titsw-calibrated	holland-and-now-i-see	cal-T04	3925	1075	31.9	30.8	1214	33736	34950		
2026-03-29 22:14:26	ministral-3-14b-reasoning	titsw-calibrated	kearon-receive-his-gift	cal-T04	5238	976	24	20.5	6803	40747	47550		
2026-03-29 22:15:14	ministral-3-14b-reasoning	titsw-calibrated	3-nephi-17	cal-T04	4937	950	21.1	20.6	1063	45012	46075		
